{
    "prepare_queue": {
        "installed": [],
        "uninstalled": []
    },
    "config_munge": {
        "files": {
            "res/xml/config.xml": {
                "parents": {
                    "/*": [
                        {
                            "xml": "<feature name=\"Whitelist\"><param name=\"android-package\" value=\"org.apache.cordova.whitelist.WhitelistPlugin\" /><param name=\"onload\" value=\"true\" /></feature>",
                            "count": 1
                        },
                        {
                            "xml": "<feature name=\"BLE\"><param name=\"android-package\" value=\"com.evothings.BLE\" /></feature>",
                            "count": 1
                        },
                        {
                            "xml": "<feature name=\"CallNumber\"><param name=\"android-package\" value=\"mx.ferreyra.callnumber.CFCallNumber\" /></feature>",
                            "count": 1
                        },
                        {
                            "xml": "<feature name=\"Contacts\"><param name=\"android-package\" value=\"org.apache.cordova.contacts.ContactManager\" /></feature>",
                            "count": 1
                        },
                        {
                            "xml": "<feature name=\"Notification\"><param name=\"android-package\" value=\"org.apache.cordova.dialogs.Notification\" /></feature>",
                            "count": 1
                        },
                        {
                            "xml": "<feature name=\"AudioTogglePlugin\"><param name=\"android-package\" value=\"com.dooble.audiotoggle.AudioTogglePlugin\" /></feature>",
                            "count": 1
                        },
                        {
                            "xml": "<feature name=\"PhoneCallTrap\"><param name=\"android-package\" value=\"io.gvox.phonecalltrap.PhoneCallTrap\" /></feature>",
                            "count": 1
                        }
                    ]
                }
            },
            "AndroidManifest.xml": {
                "parents": {
                    "/manifest": [
                        {
                            "xml": "<uses-permission android:name=\"android.permission.BLUETOOTH\" />",
                            "count": 1
                        },
                        {
                            "xml": "<uses-permission android:name=\"android.permission.BLUETOOTH_ADMIN\" />",
                            "count": 1
                        },
                        {
                            "xml": "<uses-permission android:name=\"android.permission.ACCESS_COARSE_LOCATION\" />",
                            "count": 1
                        },
                        {
                            "xml": "<uses-permission android:name=\"android.permission.MODIFY_AUDIO_SETTINGS\" />",
                            "count": 1
                        }
                    ],
                    "/*": [
                        {
                            "xml": "<uses-permission android:name=\"android.permission.CALL_PHONE\" />",
                            "count": 1
                        },
                        {
                            "xml": "<uses-feature android:name=\"android.hardware.telephony\" android:required=\"false\" />",
                            "count": 1
                        },
                        {
                            "xml": "<uses-permission android:name=\"android.permission.READ_CONTACTS\" />",
                            "count": 1
                        },
                        {
                            "xml": "<uses-permission android:name=\"android.permission.WRITE_CONTACTS\" />",
                            "count": 1
                        },
                        {
                            "xml": "<uses-permission android:name=\"android.permission.GET_ACCOUNTS\" />",
                            "count": 1
                        },
                        {
                            "xml": "<uses-permission android:name=\"android.permission.READ_PHONE_STATE\" />",
                            "count": 1
                        }
                    ]
                }
            },
            "config.xml": {
                "parents": {
                    "/*": [
                        {
                            "xml": "<feature name=\"TTS\"><param name=\"android-package\" value=\"com.wordsbaking.cordova.tts.TTS\" /><param name=\"onload\" value=\"true\" /></feature>",
                            "count": 1
                        }
                    ]
                }
            }
        }
    },
    "installed_plugins": {
        "cordova-plugin-whitelist": {
            "PACKAGE_NAME": "io.cordova.myapp5b7510"
        },
        "cordova-plugin-ble": {
            "PACKAGE_NAME": "io.cordova.myapp5b7510"
        },
        "mx.ferreyra.callnumber": {
            "PACKAGE_NAME": "io.cordova.myapp5b7510"
        },
        "cordova-plugin-contacts": {
            "PACKAGE_NAME": "io.cordova.myapp5b7510"
        },
        "cordova-plugin-dialogs": {
            "PACKAGE_NAME": "io.cordova.myapp5b7510"
        },
        "com.dooble.audiotoggle": {
            "PACKAGE_NAME": "io.cordova.myapp5b7510"
        },
        "io.gvox.plugin.phonecalltrap": {
            "PACKAGE_NAME": "io.cordova.myapp5b7510"
        },
        "cordova-plugin-tts": {
            "PACKAGE_NAME": "io.cordova.myapp5b7510"
        }
    },
    "dependent_plugins": {},
    "modules": [
        {
            "file": "plugins/cordova-plugin-ble/ble.js",
            "id": "cordova-plugin-ble.BLE",
            "clobbers": [
                "evothings.ble"
            ]
        },
        {
            "file": "plugins/mx.ferreyra.callnumber/www/CallNumber.js",
            "id": "mx.ferreyra.callnumber.CallNumber",
            "clobbers": [
                "call"
            ]
        },
        {
            "file": "plugins/cordova-plugin-contacts/www/contacts.js",
            "id": "cordova-plugin-contacts.contacts",
            "clobbers": [
                "navigator.contacts"
            ]
        },
        {
            "file": "plugins/cordova-plugin-contacts/www/Contact.js",
            "id": "cordova-plugin-contacts.Contact",
            "clobbers": [
                "Contact"
            ]
        },
        {
            "file": "plugins/cordova-plugin-contacts/www/ContactAddress.js",
            "id": "cordova-plugin-contacts.ContactAddress",
            "clobbers": [
                "ContactAddress"
            ]
        },
        {
            "file": "plugins/cordova-plugin-contacts/www/ContactError.js",
            "id": "cordova-plugin-contacts.ContactError",
            "clobbers": [
                "ContactError"
            ]
        },
        {
            "file": "plugins/cordova-plugin-contacts/www/ContactField.js",
            "id": "cordova-plugin-contacts.ContactField",
            "clobbers": [
                "ContactField"
            ]
        },
        {
            "file": "plugins/cordova-plugin-contacts/www/ContactFindOptions.js",
            "id": "cordova-plugin-contacts.ContactFindOptions",
            "clobbers": [
                "ContactFindOptions"
            ]
        },
        {
            "file": "plugins/cordova-plugin-contacts/www/ContactName.js",
            "id": "cordova-plugin-contacts.ContactName",
            "clobbers": [
                "ContactName"
            ]
        },
        {
            "file": "plugins/cordova-plugin-contacts/www/ContactOrganization.js",
            "id": "cordova-plugin-contacts.ContactOrganization",
            "clobbers": [
                "ContactOrganization"
            ]
        },
        {
            "file": "plugins/cordova-plugin-contacts/www/ContactFieldType.js",
            "id": "cordova-plugin-contacts.ContactFieldType",
            "merges": [
                ""
            ]
        },
        {
            "file": "plugins/cordova-plugin-dialogs/www/notification.js",
            "id": "cordova-plugin-dialogs.notification",
            "merges": [
                "navigator.notification"
            ]
        },
        {
            "file": "plugins/cordova-plugin-dialogs/www/android/notification.js",
            "id": "cordova-plugin-dialogs.notification_android",
            "merges": [
                "navigator.notification"
            ]
        },
        {
            "file": "plugins/com.dooble.audiotoggle/www/audiotoggle.js",
            "id": "com.dooble.audiotoggle.AudioToggle",
            "clobbers": [
                "AudioToggle"
            ]
        },
        {
            "file": "plugins/io.gvox.plugin.phonecalltrap/www/PhoneCallTrap.js",
            "id": "io.gvox.plugin.phonecalltrap.PhoneCallTrap",
            "clobbers": [
                "window.PhoneCallTrap"
            ]
        },
        {
            "file": "plugins/cordova-plugin-tts/www/tts.js",
            "id": "cordova-plugin-tts.tts",
            "clobbers": [
                "TTS"
            ]
        }
    ],
    "plugin_metadata": {
        "cordova-plugin-whitelist": "1.3.0",
        "cordova-plugin-ble": "2.0.0",
        "mx.ferreyra.callnumber": "0.0.2",
        "cordova-plugin-contacts": "2.0.1",
        "cordova-plugin-dialogs": "1.2.1",
        "com.dooble.audiotoggle": "1.0.0",
        "io.gvox.plugin.phonecalltrap": "0.1.2",
        "cordova-plugin-tts": "0.2.3"
    }
}